model,rmse,mae,r2,mape,calibration_error
stacking,4.696359433786332,3.845160797949065,0.7023669361617088,5.806422153257836,1.4223375693106313
extra_trees,4.75448963762522,3.9573799999999837,0.6949533012976377,6.029415502311759,1.7130887301587834
hgb,4.95266260106762,4.0251298246711915,0.6689938945375291,6.03947415276482,1.5506800917809662
rf,4.985039427074941,4.0747321495146105,0.6646520050930649,6.199363512667706,1.8351765426006488
gbr,5.291720255145205,4.238086823922466,0.6221214210138072,6.4109237418190235,1.6939648078063763
xgb,5.313448508733565,4.260848731994629,0.619011846815025,6.460933042256562,1.5699449455954813
